{"train/loss": 2.10503888130188, "epoch": 10, "_timestamp": 1713707520.2324615, "_runtime": 964.8897223472595, "_step": 100, "_wandb": {"runtime": 81}}