{"train/loss": 2.3356869220733643, "epoch": 10, "_timestamp": 1713707958.967203, "_runtime": 89.32773494720459, "_step": 99, "_wandb": {"runtime": 87}}