{"train/loss": 4.724603652954102, "epoch": 1, "val/loss": 4.675312042236328, "val/accuracy": 0.13773919641971588, "_timestamp": 1713470909.1284475, "_runtime": 102.62452554702759, "_step": 0}