{"train/loss": 2.4445481300354004, "epoch": 9, "_timestamp": 1713708170.4147334, "_runtime": 19.75911545753479, "_step": 82}