{"train/loss": 2.216999053955078, "epoch": 10, "_timestamp": 1713709172.508211, "_runtime": 48.26948285102844, "_step": 99, "_wandb": {"runtime": 45}}