{"train/loss": 2.436147689819336, "epoch": 10, "_timestamp": 1713709015.2586563, "_runtime": 37.74021816253662, "_step": 99, "_wandb": {"runtime": 34}}