{"train/loss": 2.358102560043335, "epoch": 5, "_timestamp": 1713708057.2444935, "_runtime": 26.685805559158325, "_step": 49}