{"train/loss": 2.215240716934204, "epoch": 10, "_timestamp": 1713708122.6568663, "_runtime": 31.474953413009644, "_step": 99, "_wandb": {"runtime": 30}}